ara Black,+7(345)444-55-66,2023-10-10,1021 Ash Ave,9012345678,1098765432
Jane Smith,+7(321)654-32-10,2024-12-01,4321 Oak Ave,2345678901,8765432109
Alice Johnson,+7(987)654-32-10,2023-11-15,5678 Maple Rd,3456789012,7654321098
Bob Brown,+7(543)987-65-43,2022-10-10,8765 Pine St,4567890123,6543210987
Charlie White,+7(111)222-33-44,2025-02-20,6789 Birch Blvd,5678901234,5432109876
Diana Green,+7(222)333-44-55,2023-09-05,7890 Cedar Ln,6789012345,4321098765
Eve Black,+7(333)444-55-66,2024-08-10,8901 Redwood Dr,7890123456,3210987654
Frank Blue,+7(444)555-66-77,2022-07-25,9012 Willow Way,8901234567,2109876543
Grace Yellow,+7(555)666-77-88,2021-06-15,1023 Fir Ct,9012345678,1098765432
Harry Gray,+7(666)777-88-99,2020-05-30,2134 Ash Ave,1234567890,9876543210
Isla Pink,+7(777)888-99-00,2025-01-05,3245 Birch Blvd,2345678901,8765432109
Jack Red,+7(888)999-00-11,2023-04-10,4356 Maple Rd,3456789012,7654321098
Kara Violet,+7(999)000-11-22,2024-03-15,5467 Cedar Ln,4567890123,6543210987
Leo Silver,+7(012)111-22-33,2022-12-01,6578 Oak Ave,5678901234,5432109876
Mia Purple,+7(123)222-33-44,2021-11-25,7689 Pine St,6789012345,4321098765
Nina Brown,+7(234)333-44-55,2020-10-05,8790 Redwood Dr,7890123456,3210987654
Oscar Gold,+7(345)444-55-66,2023-09-20,9801 Willow Way,8901234567,2109876543
Paul Orange,+7(456)555-66-77,2024-07-15,1022 Ash Ave,9012345678,1098765432
Quinn Aqua,+7(567)666-77-88,2022-06-30,2133 Fir Ct,1234567890,9876543210
Rose Maroon,+7(678)777-88-99,2021-05-10,3244 Birch Blvd,2345678901,8765432109
Sam Indigo,+7(789)888-99-00,2023-08-25,4355 Maple Rd,3456789012,7654321098
Tina Scarlet,+7(890)999-00-11,2024-04-01,5466 Cedar Ln,4567890123,6543210987
Ursula Coral,+7(901)000-11-22,2020-03-10,6577 Oak Ave,5678901234,5432109876
